[
    {
        "category": "Daggers",
        "daggers":[
            {
                "name":"Dagger",
                "regular_phy_dmg": 56,
                "regular15_phy_dmg": 140,
                "weight": 0.5,
                "durability": 200,
                "attack_type":"Slash / Thrust",
                "enchantable": true,
                "requirements": {
                    "str": 5,
                    "dex": 8,
                    "int": 0,
                    "faith": 0
                }
            },
            {
                "name":"Parrying Dagger",
                "regular_phy_dmg": 54,
                "regular15_phy_dmg": 135,
                "weight": 0.5,
                "durability": 200,
                "attack_type":"Slash / Thrust",
                "enchantable": true,
                "requirements": {
                    "str": 5,
                    "dex": 8,
                    "int": 0,
                    "faith": 0
                }
            },
            {
                "name":"Parrying Dagger",
                "regular_phy_dmg": 54,
                "regular15_phy_dmg": 135,
                "weight": 0.5,
                "durability": 200,
                "attack_type":"Slash / Thrust",
                "enchantable": true,
                "requirements": {
                    "str": 5,
                    "dex": 8,
                    "int": 0,
                    "faith": 0
                }
            },
            {
                "name":"Bandit's Knife",
                "regular_phy_dmg": 56,
                "regular15_phy_dmg": 140,
                "weight": 1,
                "durability": 200,
                "attack_type":"Slash / Thrust",
                "enchantable": true,
                "requirements": {
                    "str": 6,
                    "dex": 12,
                    "int": 0,
                    "faith": 0
                }
            },
            {
                "name":"Ghost Blade",
                "regular_phy_dmg": 110,
                "regular5_phy_dmg": 165,
                "weight": 0.5,
                "durability": 100,
                "attack_type":"Slash / Thrust",
                "enchantable": false,
                "requirements": {
                    "str": 5,
                    "dex": 0,
                    "int": 0,
                    "faith": 0
                }
            },
            {
                "name":"Dark Silver Tracer",
                "regular_phy_dmg": 75,
                "regular5_phy_dmg": 112,
                "weight": 1,
                "durability": 120,
                "attack_type":"Slash / Thrust",
                "enchantable": false,
                "requirements": {
                    "str": 6,
                    "dex": 25,
                    "int": 0,
                    "faith": 0
                }
            },
            {
                "name":"Priscilla's Dagger",
                "regular_phy_dmg": 80,
                "regular5_phy_dmg": 120,
                "weight": 1,
                "durability": 100,
                "attack_type":"Slash / Thrust",
                "enchantable": false,
                "requirements": {
                    "str": 6,
                    "dex": 20,
                    "int": 0,
                    "faith": 0
                }
            }
        ]
    },
    {
        "category": "Straight Swords",
        "st_swords": [
            {
                "name": "Straight Sword Hilt",
                "regular_phy_dmg": 20,
                "regular15_phy_dmg": 50,
                "weight": 1,
                "durability": 200,
                "attack_type":"Regular / Thrust",
                "enchantable": true,
                "requirements": {
                    "str": 6,
                    "dex": 6,
                    "int": 0,
                    "faith": 0
                }
            },
            {
                "name": "Broken Straight Sword",
                "regular_phy_dmg": 40,
                "regular15_phy_dmg": 100,
                "weight": 2,
                "durability": 200,
                "attack_type":"Regular / Thrust",
                "enchantable": true,
                "requirements": {
                    "str": 8,
                    "dex": 8,
                    "int": 0,
                    "faith": 0
                }
            },
            {
                "name": "Broadsword",
                "regular_phy_dmg": 82,
                "regular15_phy_dmg": 205,
                "weight": 3,
                "durability": 200,
                "attack_type":"Regular",
                "enchantable": true,
                "requirements": {
                    "str": 10,
                    "dex": 10,
                    "int": 0,
                    "faith": 0
                }
            },
            {
                "name": "Shortsword",
                "regular_phy_dmg": 78,
                "regular15_phy_dmg": 195,
                "weight": 2,
                "durability": 200,
                "attack_type":"Regular / Thrust",
                "enchantable": true,
                "requirements": {
                    "str": 8,
                    "dex": 10,
                    "int": 0,
                    "faith": 0
                }
            },
            {
                "name": "Longsword",
                "regular_phy_dmg": 80,
                "regular15_phy_dmg": 200,
                "weight": 3,
                "durability": 200,
                "attack_type":"Regular / Thrust",
                "enchantable": true,
                "requirements": {
                    "str": 10,
                    "dex": 10,
                    "int": 0,
                    "faith": 0
                }
            },
            {
                "name": "Barbed Straight Sword",
                "regular_phy_dmg": 80,
                "regular15_phy_dmg": 200,
                "weight": 3,
                "durability": 200,
                "attack_type":"Regular / Thrust",
                "enchantable": true,
                "requirements": {
                    "str": 10,
                    "dex": 10,
                    "int": 0,
                    "faith": 0
                }
            },
            {
                "name": "Sunlight Straight Sword",
                "regular_phy_dmg": 82,
                "regular15_phy_dmg": 205,
                "weight": 4,
                "durability": 240,
                "attack_type":"Regular / Thrust",
                "enchantable": true,
                "requirements": {
                    "str": 12,
                    "dex": 12,
                    "int": 0,
                    "faith": 0
                }
            },
            {
                "name": "Balder Side Sword",
                "regular_phy_dmg": 80,
                "regular15_phy_dmg": 200,
                "weight": 3,
                "durability": 120,
                "attack_type":"Regular / Thrust",
                "enchantable": true,
                "requirements": {
                    "str": 10,
                    "dex": 14,
                    "int": 0,
                    "faith": 0
                }
            },
            {
                "name": "Astora's Straight Sword",
                "regular_phy_dmg": 80,
                "regular5_phy_dmg": 120,
                "weight": 3,
                "durability": 160,
                "attack_type":"Regular / Thrust",
                "enchantable": false,
                "requirements": {
                    "str": 10,
                    "dex": 10,
                    "int": 0,
                    "faith": 14
                }
            },
            {
                "name": "Silver Knight Strait Sword",
                "regular_phy_dmg": 175,
                "regular5_phy_dmg": 262,
                "weight": 6,
                "durability": 300,
                "attack_type":"Regular",
                "enchantable": true,
                "requirements": {
                    "str": 16,
                    "dex": 22,
                    "int": 0,
                    "faith": 0
                }
            },
            {
                "name": "Drake Sword",
                "regular_phy_dmg": 200,
                "regular5_phy_dmg": 300,
                "weight": 6,
                "durability": 360,
                "attack_type":"Regular",
                "enchantable": false,
                "requirements": {
                    "str": 16,
                    "dex": 10,
                    "int": 0,
                    "faith": 0
                }
            },
            {
                "name": "Darksword",
                "regular_phy_dmg": 82,
                "regular15_phy_dmg": 205,
                "weight": 6,
                "durability": 200,
                "attack_type":"Regular",
                "enchantable": true,
                "requirements": {
                    "str": 16,
                    "dex": 16,
                    "int": 0,
                    "faith": 0
                }
            },
            {
                "name": "Crystal Straight Sword",
                "regular_phy_dmg": 145,
                "weight": 6,
                "durability": 60,
                "attack_type":"Regular / Thrust",
                "enchantable": true,
                "requirements": {
                    "str": 16,
                    "dex": 10,
                    "int": 0,
                    "faith": 0
                }
            }    
        ]
    },
    {
        "category": "Greatswords",
        "greatswords": [
            {
                "name": "Bastard Sword",
                "regular_phy_dmg": 105,
                "regular15_phy_dmg": 262,
                "weight": 6,
                "durability": 200,
                "attack_type":"Regular",
                "enchantable": true,
                "requirements": {
                    "str": 16,
                    "dex": 10,
                    "int": 0,
                    "faith": 0
                }
            },
            {
                "name": "Black Knight Sword",
                "regular_phy_dmg": 220,
                "regular5_phy_dmg": 330,
                "weight": 8,
                "durability": 300,
                "attack_type":"Regular / Thrust",
                "enchantable": false,
                "requirements": {
                    "str": 20,
                    "dex": 18,
                    "int": 0,
                    "faith": 0
                }
            },
            {
                "name": "Claymore",
                "regular_phy_dmg": 103,
                "regular15_phy_dmg": 257,
                "weight": 6,
                "durability": 200,
                "attack_type":"Regular / Thrust",
                "enchantable": true,
                "requirements": {
                    "str": 16,
                    "dex": 10,
                    "int": 0,
                    "faith": 0
                }
            },
            {
                "name": "Flamberge",
                "regular_phy_dmg": 100,
                "regular15_phy_dmg": 250,
                "weight": 6,
                "durability": 160,
                "attack_type":"Slash",
                "enchantable": true,
                "requirements": {
                    "str": 16,
                    "dex": 14,
                    "int": 0,
                    "faith": 0
                }
            },
            {
                "name": "Crystal Greatsword",
                "regular_phy_dmg": 190,
                "weight": 8,
                "durability": 60,
                "attack_type":"Regular",
                "enchantable": true,
                "requirements": {
                    "str": 20,
                    "dex": 10,
                    "int": 0,
                    "faith": 0
                }
            },
            {
                "name": "Man-Serpent Greatsword",
                "regular_phy_dmg": 110,
                "regular15_phy_dmg": 275,
                "weight": 10,
                "durability": 300,
                "attack_type":"Regular",
                "enchantable": true,
                "requirements": {
                    "str": 24,
                    "dex": 0,
                    "int": 0,
                    "faith": 0
                }
            },
            {
                "name": "Great Lord Greatsword",
                "regular_phy_dmg": 256,
                "regular5_phy_dmg": 370,
                "weight": 8,
                "durability": 400,
                "attack_type":"Regular",
                "enchantable": false,
                "requirements": {
                    "str": 20,
                    "dex": 10,
                    "int": 0,
                    "faith": 0
                }
            },
            {
                "name": "Moonlight Greatsword",
                "regular_magic_dmg": 132,
                "regular5_magic_dmg": 198,
                "weight": 6,
                "durability": 300,
                "attack_type":"Regular",
                "enchantable": false,
                "requirements": {
                    "str": 16,
                    "dex": 10,
                    "int": 28,
                    "faith": 0
                }
            },
            {
                "name": "Greatsword of Artorias",
                "regular_phy_dmg": 120,
                "regular_magic_dmg": 85,
                "regular5_phy_dmg": 180,
                "regular5_magic_dmg": 127,
                "weight": 10,
                "durability": 200,
                "attack_type":"Regular / Thrust",
                "enchantable": true,
                "requirements": {
                    "str": 24,
                    "dex": 18,
                    "int": 20,
                    "faith": 20
                }
            },
            {
                "name": "Greatsword of Artorias (Cursed)",
                "regular_phy_dmg": 178,
                "regular5_phy_dmg": 267,
                "weight": 10,
                "durability": 400,
                "attack_type":"Regular / Thrust",
                "enchantable": false,
                "requirements": {
                    "str": 24,
                    "dex": 18,
                    "int": 18,
                    "faith": 18
                }
            },
            {
                "name": "Stone Greatsword",
                "regular_phy_dmg": 148,
                "regular_magic_dmg": 100,
                "regular5_phy_dmg": 222,
                "regular5_magic_dmg":150,
                "weight": 18,
                "durability": 800,
                "attack_type":"Regular",
                "enchantable": false,
                "requirements": {
                    "str": 40,
                    "dex": 10,
                    "int": 0,
                    "faith": 0
                }
            },
            {
                "name": "Abyss Greatsword",
                "regular_phy_dmg": 160,
                "regular5_phy_dmg": 240,
                "weight": 9,
                "durability": 300,
                "attack_type":"Regular",
                "enchantable": false,
                "requirements": {
                    "str": 22,
                    "dex": 18,
                    "int": 18,
                    "faith": 18
                }
            },
            {
                "name": "Obsidian Greatsword",
                "regular_phy_dmg": 320,
                "regular5_phy_dmg": 480,
                "weight": 8,
                "durability": 350,
                "attack_type":"Regular",
                "enchantable": true,
                "requirements": {
                    "str": 20,
                    "dex": 16,
                    "int": 0,
                    "faith": 0
                }
            }
        ]
    },
    {
        "category": "Ultra Greatwords",
        "ultragreatswords": [
            {
                "name": "Dragon Greatsword",
                "regular_phy_dmg": 390,
                "regular5_phy_dmg": 585,
                "weight": 24,
                "durability": 400,
                "attack_type":"Regular",
                "enchantable": false,
                "requirements": {
                    "str": 50,
                    "dex": 10,
                    "int": 0,
                    "faith": 0
                }
            },
            {
                "name": "Greatsword",
                "regular_phy_dmg": 130,
                "regular15_phy_dmg": 325,
                "weight": 12,
                "durability": 200,
                "attack_type":"Regular / Thrust",
                "enchantable": true,
                "requirements": {
                    "str": 28,
                    "dex": 10,
                    "int": 0,
                    "faith": 0
                }
            },
            {
                "name": "Black Knight Greatsword",
                "regular_phy_dmg": 220,
                "regular5_phy_dmg": 330,
                "weight": 14,
                "durability": 300,
                "attack_type":"Regular / Thrust",
                "enchantable": false,
                "requirements": {
                    "str": 32,
                    "dex": 18,
                    "int": 0,
                    "faith": 0
                }
            },
            {
                "name": "Zweihander",
                "regular_phy_dmg": 130,
                "regular15_phy_dmg": 325,
                "weight": 10,
                "durability": 200,
                "attack_type":"Regular",
                "enchantable": true,
                "requirements": {
                    "str": 24,
                    "dex": 10,
                    "int": 0,
                    "faith": 0
                }
            },
            {
                "name": "Demon Great Machete",
                "regular_phy_dmg": 133,
                "regular15_phy_dmg": 332,
                "weight": 18,
                "durability": 600,
                "attack_type":"Regular",
                "enchantable": true,
                "requirements": {
                    "str": 40,
                    "dex": 0,
                    "int": 0,
                    "faith": 0
                }
            }
        ]
    },
    {
        "category": "Curved Swords",
        "curvedswords": [
            {
                "name": "Scimitar",
                "regular_phy_dmg": 80,
                "regular15_phy_dmg": 200,
                "weight": 1.5,
                "durability": 160,
                "attack_type":"Slash",
                "enchantable": true,
                "requirements": {
                    "str": 7,
                    "dex": 13,
                    "int": 0,
                    "faith": 0
                }
            },
            {
                "name": "Shotel",
                "regular_phy_dmg": 82,
                "regular15_phy_dmg": 205,
                "weight": 2.5,
                "durability": 120,
                "attack_type":"Slash",
                "enchantable": true,
                "requirements": {
                    "str": 9,
                    "dex": 14,
                    "int": 0,
                    "faith": 0
                }
            },
            {
                "name": "Falchion",
                "regular_phy_dmg": 82,
                "regular15_phy_dmg": 205,
                "weight": 2.5,
                "durability": 160,
                "attack_type":"Slash",
                "enchantable": true,
                "requirements": {
                    "str": 9,
                    "dex": 13,
                    "int": 0,
                    "faith": 0
                }
            },
            {
                "name": "Quelaag's Furysword",
                "regular_phy_dmg": 60,
                "regular_fire_dmg": 170,
                "regular5_phy_dmg": 90,
                "regular5_fire_dmg": 255,
                "weight": 3.5,
                "durability": 600,
                "attack_type":"Slash",
                "enchantable": false,
                "requirements": {
                    "str": 11,
                    "dex": 13,
                    "int": 0,
                    "faith": 0
                }
            },
            {
                "name": "Painting Guardian Sword",
                "regular_phy_dmg": 76,
                "regular15_phy_dmg": 190,
                "weight": 1.5,
                "durability": 100,
                "attack_type":"Slash",
                "enchantable": true,
                "requirements": {
                    "str": 7,
                    "dex": 20,
                    "int": 0,
                    "faith": 0
                }
            },
            {
                "name": "Jagged Ghost Blade",
                "regular_phy_dmg": 155,
                "regular5_phy_dmg": 232,
                "weight": 1.5,
                "durability": 100,
                "attack_type":"Slash / Thrust",
                "enchantable": false,
                "requirements": {
                    "str": 7,
                    "dex": 0,
                    "int": 0,
                    "faith": 0
                }
            },
            {
                "name": "Gold Tracer",
                "regular_phy_dmg": 130,
                "regular15_phy_dmg": 195,
                "weight": 2,
                "durability": 240,
                "attack_type":"Slash",
                "enchantable": false,
                "requirements": {
                    "str": 9,
                    "dex": 25,
                    "int": 0,
                    "faith": 0
                }
            }
        ]
    },
    {
        "category": "Katanas",
        "katanas": [
            {
                "name": "Uchigatana",
                "regular_phy_dmg": 90,
                "regular15_phy_dmg": 225,
                "weight": 5,
                "durability": 80,
                "attack_type":"Slash / Thrust",
                "enchantable": true,
                "requirements": {
                    "str": 14,
                    "dex": 14,
                    "int": 0,
                    "faith": 0
                }
            },
            {
                "name": "Washing Pole",
                "regular_phy_dmg": 90,
                "regular15_phy_dmg": 225,
                "weight": 8,
                "durability": 60,
                "attack_type":"Slash / Thrust",
                "enchantable": true,
                "requirements": {
                    "str": 20,
                    "dex": 16,
                    "int": 0,
                    "faith": 0
                }
            },
            {
                "name": "Iaito",
                "regular_phy_dmg": 88,
                "regular15_phy_dmg": 220,
                "weight": 5,
                "durability": 80,
                "attack_type":"Slash",
                "enchantable": true,
                "requirements": {
                    "str": 14,
                    "dex": 20,
                    "int": 0,
                    "faith": 0
                }
            },
            {
                "name": "Chaos Blade",
                "regular_phy_dmg": 144,
                "regular5_phy_dmg": 216,
                "weight": 1.5,
                "durability": 160,
                "attack_type":"Slash",
                "enchantable": false,
                "requirements": {
                    "str": 16,
                    "dex": 14,
                    "int": 0,
                    "faith": 0
                }
            }
        ]
    },
    {
        "category": "Curved Greatswords",
        "curvedgreatswords": [
            {
                "name": "Server",
                "regular_phy_dmg": 107,
                "regular15_phy_dmg": 267,
                "weight": 10,
                "durability": 140,
                "attack_type":"Slash",
                "enchantable": true,
                "requirements": {
                    "str": 24,
                    "dex": 13,
                    "int": 0,
                    "faith": 0
                }
            },
            {
                "name": "Murakumo",
                "regular_phy_dmg": 113,
                "regular15_phy_dmg": 282,
                "weight": 12,
                "durability": 180,
                "attack_type":"Slash",
                "enchantable": true,
                "requirements": {
                    "str": 28,
                    "dex": 13,
                    "int": 0,
                    "faith": 0
                }
            },
            {
                "name": "Gravelord Sword",
                "regular_phy_dmg": 265,
                "regular5_phy_dmg": 397,
                "weight": 10,
                "durability": 600,
                "attack_type":"Slash / Thrust",
                "enchantable": false,
                "requirements": {
                    "str": 24,
                    "dex": 13,
                    "int": 0,
                    "faith": 0
                }
            }
        ]
    },
    {
        "category": "Piercing Swords",
        "piercingswords": [
            {
                "name": "Rapier",
                "regular_phy_dmg": 73,
                "regular15_phy_dmg": 182,
                "weight": 1.5,
                "durability": 150,
                "attack_type":"Thrust",
                "enchantable": true,
                "requirements": {
                    "str": 7,
                    "dex": 12,
                    "int": 0,
                    "faith": 0
                }
            },
            {
                "name": "Estoc",
                "regular_phy_dmg": 75,
                "regular15_phy_dmg": 187,
                "weight": 3,
                "durability": 150,
                "attack_type":"Regular / Thrust",
                "enchantable": true,
                "requirements": {
                    "str": 10,
                    "dex": 12,
                    "int": 0,
                    "faith": 0
                }
            },
            {
                "name": "Mail Breaker",
                "regular_phy_dmg": 57,
                "regular15_phy_dmg": 142,
                "weight": 0.5,
                "durability": 200,
                "attack_type":"Thrust",
                "enchantable": true,
                "requirements": {
                    "str": 5,
                    "dex": 12,
                    "int": 0,
                    "faith": 0
                }
            },
            {
                "name": "Ricard's Rapier",
                "regular_phy_dmg": 70,
                "regular15_phy_dmg": 175,
                "weight": 2.0,
                "durability": 100,
                "attack_type":"Thrust",
                "enchantable": true,
                "requirements": {
                    "str": 8,
                    "dex": 20,
                    "int": 0,
                    "faith": 0
                }
            },
            {
                "name": "Velka's Rapier",
                "regular_phy_dmg": 62,
                "regular_magic_dmg": 104,
                "regular5_phy_dmg": 93,
                "regular5_magic_dmg": 156,
                "weight": 2,
                "durability": 130,
                "attack_type":"Regular / Thrust",
                "enchantable": false,
                "requirements": {
                    "str": 8,
                    "dex": 16,
                    "int": 16,
                    "faith": 0
                }
            }
        ]
    },
    {
        "category": "Axes",
        "axes": [
            {
                "name": "Hand Axe",
                "regular_phy_dmg": 80,
                "regular15_phy_dmg": 200,
                "weight": 1.0,
                "durability": 200,
                "attack_type":"Regular",
                "enchantable": true,
                "requirements": {
                    "str": 8,
                    "dex": 8,
                    "int": 0,
                    "faith": 0
                }
            },
            {
                "name": "Gargoyle Tail Axe",
                "regular_phy_dmg": 93,
                "regular15_phy_dmg": 232,
                "weight": 5,
                "durability": 150,
                "attack_type":"Regular",
                "enchantable": true,
                "requirements": {
                    "str": 14,
                    "dex": 14,
                    "int": 0,
                    "faith": 0
                }
            },
            {
                "name": "Battle Axe",
                "regular_phy_dmg": 95,
                "regular15_phy_dmg": 237,
                "weight": 4,
                "durability": 250,
                "attack_type":"Regular",
                "enchantable": true,
                "requirements": {
                    "str": 12,
                    "dex": 8,
                    "int": 0,
                    "faith": 0
                }
            },
            {
                "name": "Butcher Knife",
                "regular_phy_dmg": 90,
                "regular15_phy_dmg": 225,
                "weight": 10,
                "durability": 250,
                "attack_type":"Regular",
                "enchantable": true,
                "requirements": {
                    "str": 24,
                    "dex": 0,
                    "int": 0,
                    "faith": 0
                }
            },
            {
                "name": "Crescent Axe",
                "regular_phy_dmg": 115,
                "regular_magic_dmg": 115,
                "regular5_phy_dmg": 172,
                "regular5_magic_dmg": 172,
                "weight": 7.0,
                "durability": 180,
                "attack_type":"Regular",
                "enchantable": false,
                "requirements": {
                    "str": 18,
                    "dex": 12,
                    "int": 0,
                    "faith": 16
                }
            },
            {
                "name": "Golem Axe",
                "regular_phy_dmg": 170,
                "regular5_phy_dmg": 255,
                "weight": 16,
                "durability": 600,
                "attack_type":"Regular",
                "enchantable": false,
                "requirements": {
                    "str": 36,
                    "dex": 8,
                    "int": 0,
                    "faith": 0
                }
            }
        ]
    },
    {
        "category": "Great Axes",
        "greataxes": [
            {
                "name": "Demon's Greataxe",
                "regular_phy_dmg": 114,
                "regular15_phy_dmg": 285,
                "weight": 22,
                "durability": 600,
                "attack_type":"Regular",
                "enchantable": true,
                "requirements": {
                    "str": 46,
                    "dex": 0,
                    "int": 0,
                    "faith": 0
                }
            },
            {
                "name": "Greataxe",
                "regular_phy_dmg": 140,
                "regular15_phy_dmg": 350,
                "weight": 14,
                "durability": 230,
                "attack_type":"Regular",
                "enchantable": true,
                "requirements": {
                    "str": 32,
                    "dex": 8,
                    "int": 0,
                    "faith": 0
                }
            },
            {
                "name": "Dragon King Greataxe",
                "regular_phy_dmg": 380,
                "regular5_phy_dmg": 570,
                "weight": 24,
                "durability": 400,
                "attack_type":"Regular",
                "enchantable": true,
                "requirements": {
                    "str": 50,
                    "dex": 8,
                    "int": 0,
                    "faith": 0
                }
            },
            {
                "name": "Black Knight Greataxe",
                "regular_phy_dmg": 229,
                "regular15_phy_dmg": 343,
                "weight": 16,
                "durability": 300,
                "attack_type":"Regular",
                "enchantable": true,
                "requirements": {
                    "str": 36,
                    "dex": 18,
                    "int": 0,
                    "faith": 0
                }
            },
            {
                "name": "Stone Greataxe",
                "regular_phy_dmg": 190,
                "regular5_phy_dmg": 285,
                "weight": 24,
                "durability": 700,
                "attack_type":"Regular",
                "enchantable": true,
                "requirements": {
                    "str": 48,
                    "dex": 10,
                    "int": 0,
                    "faith": 0
                }
            }
        ]
    },
    {
        "category": "Hammers",
        "hammers": [
            {
                "name": "Club",
                "regular_phy_dmg": 87,
                "regular15_phy_dmg": 182,
                "weight": 3,
                "durability": 250,
                "attack_type":"Strike",
                "enchantable": true,
                "requirements": {
                    "str": 10,
                    "dex": 10,
                    "int": 0,
                    "faith": 0
                }
            },
            {
                "name": "Reinforced Club",
                "regular_phy_dmg": 97,
                "regular15_phy_dmg": 242,
                "weight": 4,
                "durability": 100,
                "attack_type":"Strike",
                "enchantable": true,
                "requirements": {
                    "str": 12,
                    "dex": 0,
                    "int": 0,
                    "faith": 0
                }
            },
            {
                "name": "Mace",
                "regular_phy_dmg": 91,
                "regular15_phy_dmg": 227,
                "weight": 4,
                "durability": 250,
                "attack_type":"Strike",
                "enchantable": true,
                "requirements": {
                    "str": 12,
                    "dex": 0,
                    "int": 0,
                    "faith": 0
                }
            },
            {
                "name": "Morning Star",
                "regular_phy_dmg": 83,
                "regular15_phy_dmg": 207,
                "weight": 4,
                "durability": 180,
                "attack_type":"Strike",
                "enchantable": true,
                "requirements": {
                    "str": 11,
                    "dex": 0,
                    "int": 0,
                    "faith": 0
                }
            },
            {
                "name": "Warpick",
                "regular_phy_dmg": 91,
                "regular15_phy_dmg": 227,
                "weight": 3.5,
                "durability": 220,
                "attack_type":"Thrust",
                "enchantable": true,
                "requirements": {
                    "str": 11,
                    "dex": 10,
                    "int": 0,
                    "faith": 0
                }
            },
            {
                "name": "Pickaxe",
                "regular_phy_dmg": 89,
                "regular15_phy_dmg": 222,
                "weight": 5,
                "durability": 250,
                "attack_type":"Thrust",
                "enchantable": true,
                "requirements": {
                    "str": 14,
                    "dex": 0,
                    "int": 0,
                    "faith": 0
                }
            },
            {
                "name": "Blacksmith Hammer",
                "regular_phy_dmg": 87,
                "regular15_phy_dmg": 217,
                "weight": 5,
                "durability": 250,
                "attack_type":"Strike",
                "enchantable": true,
                "requirements": {
                    "str": 14,
                    "dex": 0,
                    "int": 0,
                    "faith": 0
                }
            },
            {
                "name": "Blacksmith Giant Hammer",
                "regular_phy_dmg": 120,
                "regular5_phy_dmg": 180,
                "weight": 6,
                "durability": 250,
                "attack_type":"Strike",
                "enchantable": false,
                "requirements": {
                    "str": 16,
                    "dex": 0,
                    "int": 0,
                    "faith": 0
                }
            },
            {
                "name": "Hammer of Vamos",
                "regular_phy_dmg": 115,
                "regular5_phy_dmg": 172,
                "weight": 5,
                "durability": 250,
                "attack_type":"Strike",
                "enchantable": true,
                "requirements": {
                    "str": 14,
                    "dex": 0,
                    "int": 0,
                    "faith": 0
                }
            }
        ]
    },
    {
        "category": "Great Hammers",
        "greathammers": [
            {
                "name": "Demon's Great Hammer",
                "regular_phy_dmg": 138,
                "regular15_phy_dmg": 345,
                "weight": 22,
                "durability": 600,
                "attack_type":"Strike",
                "enchantable": true,
                "requirements": {
                    "str": 46,
                    "dex": 0,
                    "int": 0,
                    "faith": 0
                }
            },
            {
                "name": "Great Club",
                "regular_phy_dmg": 135,
                "regular15_phy_dmg": 337,
                "weight": 12,
                "durability": 250,
                "attack_type":"Strike",
                "enchantable": true,
                "requirements": {
                    "str": 28,
                    "dex": 0,
                    "int": 0,
                    "faith": 0
                }
            },
            {
                "name": "Large Club",
                "regular_phy_dmg": 120,
                "regular15_phy_dmg": 300,
                "weight": 11,
                "durability": 250,
                "attack_type":"Strike",
                "enchantable": true,
                "requirements": {
                    "str": 26,
                    "dex": 0,
                    "int": 0,
                    "faith": 0
                }
            },
            {
                "name": "Dragon Tooth",
                "regular_phy_dmg": 290,
                "regular5_phy_dmg": 435,
                "weight": 18,
                "durability": 999,
                "attack_type":"Strike",
                "enchantable": true,
                "requirements": {
                    "str": 40,
                    "dex": 0,
                    "int": 0,
                    "faith": 0
                }
            },
            {
                "name": "Smough's Hammer",
                "regular_phy_dmg": 300,
                "regular5_phy_dmg": 450,
                "weight": 28,
                "durability": 600,
                "attack_type":"Strike",
                "enchantable": false,
                "requirements": {
                    "str": 58,
                    "dex": 0,
                    "int": 0,
                    "faith": 0
                }
            },
            {
                "name": "Grant",
                "regular_phy_dmg": 130,
                "regular5_phy_dmg": 195,
                "weight": 24,
                "durability": 600,
                "attack_type":"Strike",
                "enchantable": true,
                "requirements": {
                    "str": 50,
                    "dex": 0,
                    "int": 0,
                    "faith": 30
                }
            }
        ]
    },
    {
        "category": "Fist & Claw",
        "fistandclaws": [
            {
                "name": "Caestus",
                "regular_phy_dmg": 66,
                "regular15_phy_dmg": 165,
                "weight": 0.5,
                "durability": 300,
                "attack_type":"Strike",
                "enchantable": true,
                "requirements": {
                    "str": 5,
                    "dex": 8,
                    "int": 0,
                    "faith": 0
                }
            },
            {
                "name": "Claws",
                "regular_phy_dmg": 72,
                "regular15_phy_dmg": 180,
                "weight": 1,
                "durability": 150,
                "attack_type":"Slash",
                "enchantable": true,
                "requirements": {
                    "str": 6,
                    "dex": 14,
                    "int": 0,
                    "faith": 0
                }
            },
            {
                "name": "Dragon Bone Fist",
                "regular_phy_dmg": 95,
                "regular5_phy_dmg": 142,
                "weight": 8,
                "durability": 999,
                "attack_type":"Strike",
                "enchantable": true,
                "requirements": {
                    "str": 20,
                    "dex": 0,
                    "int": 0,
                    "faith": 0
                }
            },
            {
                "name": "Dark Hand",
                "regular_phy_dmg": 200,
                "weight": 0.5,
                "durability": 999,
                "attack_type":"Strike",
                "enchantable": false,
                "requirements": {
                    "str": 0,
                    "dex": 0,
                    "int": 0,
                    "faith": 0
                }
            }
        ] 
    },
    {
        "category": "Spears",
        "spears": [
            {
                "name": "Spear",
                "regular_phy_dmg": 80,
                "regular15_phy_dmg": 200,
                "weight": 3.5,
                "durability": 180,
                "attack_type":"Thrust",
                "enchantable": true,
                "requirements": {
                    "str": 11,
                    "dex": 10,
                    "int": 0,
                    "faith": 0
                }
            },
            {
                "name": "Winged Spear",
                "regular_phy_dmg": 86,
                "regular15_phy_dmg": 215,
                "weight": 4.5,
                "durability": 140,
                "attack_type":"Thrust",
                "enchantable": true,
                "requirements": {
                    "str": 13,
                    "dex": 15,
                    "int": 0,
                    "faith": 0
                }
            },
            {
                "name": "Demon's Spear",
                "regular_phy_dmg": 100,
                "regular5_phy_dmg": 150,
                "weight": 4,
                "durability": 400,
                "attack_type":"Thrust",
                "enchantable": false,
                "requirements": {
                    "str": 12,
                    "dex": 10,
                    "int": 0,
                    "faith": 0
                }
            },
            {
                "name": "Pike",
                "regular_phy_dmg": 86,
                "regular15_phy_dmg": 215,
                "weight": 10,
                "durability": 180,
                "attack_type":"Thrust",
                "enchantable": true,
                "requirements": {
                    "str": 24,
                    "dex": 10,
                    "int": 0,
                    "faith": 0
                }
            },
            {
                "name": "Dragonslayer Spear",
                "regular_phy_dmg": 95,
                "regular5_phy_dmg": 142,
                "weight": 10,
                "durability": 300,
                "attack_type":"Thrust",
                "enchantable": false,
                "requirements": {
                    "str": 24,
                    "dex": 24,
                    "int": 0,
                    "faith": 0
                }
            },
            {
                "name": "Partizan",
                "regular_phy_dmg": 80,
                "regular15_phy_dmg": 200,
                "weight": 4.5,
                "durability": 160,
                "attack_type":"Regular / Thrust",
                "enchantable": true,
                "requirements": {
                    "str": 13,
                    "dex": 12,
                    "int": 0,
                    "faith": 0
                }
            },
            {
                "name": "Channeler's Trident",
                "regular_phy_dmg": 70,
                "regular5_phy_dmg": 105,
                "weight": 6,
                "durability": 240,
                "attack_type":"Thrust",
                "enchantable": true,
                "requirements": {
                    "str": 16,
                    "dex": 16,
                    "int": 24,
                    "faith": 0
                }
            },
            {
                "name": "Silver Knight Spear",
                "regular_phy_dmg": 163,
                "regular5_phy_dmg": 244,
                "weight": 6,
                "durability": 300,
                "attack_type":"Regular / Thrust",
                "enchantable": false,
                "requirements": {
                    "str": 13,
                    "dex": 15,
                    "int": 0,
                    "faith": 0
                }
            },
            {
                "name": "Moonlight Butterfly Horn",
                "regular_magic_dmg": 120,
                "regular5_magic_dmg": 180,
                "weight": 4,
                "durability": 160,
                "attack_type":"Thrust",
                "enchantable": false,
                "requirements": {
                    "str": 12,
                    "dex": 0,
                    "int": 14,
                    "faith": 0
                }
            },
            {
                "name": "Four-Pronged Plow",
                "regular_phy_dmg": 75,
                "regular15_phy_dmg": 187,
                "weight": 5.5,
                "durability": 300,
                "attack_type":"Thrust",
                "enchantable": true,
                "requirements": {
                    "str": 15,
                    "dex": 12,
                    "int": 0,
                    "faith": 0
                }
            }
        ]
    },
    {
        "category": "Halberds",
        "halberds": [
            {
                "name": "Halberd",
                "regular_phy_dmg": 110,
                "regular15_phy_dmg": 275,
                "weight": 6,
                "durability": 200,
                "attack_type":"Regular / Thrust",
                "enchantable": true,
                "requirements": {
                    "str": 16,
                    "dex": 12,
                    "int": 0,
                    "faith": 0
                }
            },
            {
                "name": "Gargoyle's Halberd",
                "regular_phy_dmg": 115,
                "regular15_phy_dmg": 287,
                "weight": 6,
                "durability": 200,
                "attack_type":"Regular",
                "enchantable": true,
                "requirements": {
                    "str": 16,
                    "dex": 12,
                    "int": 0,
                    "faith": 0
                }
            },
            {
                "name": "Titanite Catch Pole",
                "regular_phy_dmg": 125,
                "regular_magic_dmg": 145,
                "regular5_phy_dmg": 187,
                "regular5_magic_dmg": 217,
                "weight": 6,
                "durability": 600,
                "attack_type":"Regular",
                "enchantable": false,
                "requirements": {
                    "str": 16,
                    "dex": 14,
                    "int": 0,
                    "faith": 0
                }
            },
            {
                "name": "Black Knight Halberd",
                "regular_phy_dmg": 245,
                "regular5_phy_dmg": 367,
                "weight": 14,
                "durability": 300,
                "attack_type":"Slash",
                "enchantable": false,
                "requirements": {
                    "str": 32,
                    "dex": 18,
                    "int": 0,
                    "faith": 0
                }
            },
            {
                "name": "Great Scythe",
                "regular_phy_dmg": 100,
                "regular15_phy_dmg": 250,
                "weight": 5,
                "durability": 130,
                "attack_type":"Slash",
                "enchantable": true,
                "requirements": {
                    "str": 14,
                    "dex": 14,
                    "int": 0,
                    "faith": 0
                }
            },
            {
                "name": "Lifehunt Scythe",
                "regular_phy_dmg": 180,
                "regular5_phy_dmg": 270,
                "weight": 6,
                "durability": 100,
                "attack_type":"Slash",
                "enchantable": false,
                "requirements": {
                    "str": 16,
                    "dex": 14,
                    "int": 0,
                    "faith": 0
                }
            },
            {
                "name": "Scythe",
                "regular_phy_dmg": 110,
                "regular15_phy_dmg": 275,
                "weight": 5,
                "durability": 150,
                "attack_type":"Slash",
                "enchantable": true,
                "requirements": {
                    "str": 14,
                    "dex": 12,
                    "int": 0,
                    "faith": 0
                }
            },
            {
                "name": "Lucerne",
                "regular_phy_dmg": 110,
                "regular15_phy_dmg": 275,
                "weight": 5.5,
                "durability": 200,
                "attack_type":"Thrust",
                "enchantable": true,
                "requirements": {
                    "str": 15,
                    "dex": 12,
                    "int": 0,
                    "faith": 0
                }
            },
            {
                "name": "Giant's Halberd",
                "regular_phy_dmg": 140,
                "regular5_phy_dmg": 210,
                "weight": 16,
                "durability": 300,
                "attack_type":"Regular / Thrust",
                "enchantable": false,
                "requirements": {
                    "str": 36,
                    "dex": 12,
                    "int": 0,
                    "faith": 0
                }
            }
        ]
    },
    {
        "category": "Whips",
        "whips": [
            {
                "name": "Whip",
                "regular_phy_dmg": 80,
                "regular15_phy_dmg": 200,
                "weight": 1.5,
                "durability": 200,
                "attack_type":"Regular",
                "enchantable": true,
                "requirements": {
                    "str": 7,
                    "dex": 14,
                    "int": 0,
                    "faith": 0
                }
            },
            {
                "name": "Notched Whip",
                "regular_phy_dmg": 76,
                "regular15_phy_dmg": 190,
                "weight": 2,
                "durability": 200,
                "attack_type":"Regular",
                "enchantable": true,
                "requirements": {
                    "str": 10,
                    "dex": 10,
                    "int": 0,
                    "faith": 0
                }
            },
            {
                "name": "Guardian Tail",
                "regular_phy_dmg": 84,
                "regular15_phy_dmg": 210,
                "weight": 5,
                "durability": 250,
                "attack_type":"Regular",
                "enchantable": true,
                "requirements": {
                    "str": 15,
                    "dex": 10,
                    "int": 0,
                    "faith": 0
                }
            }
        ]
    },
    {
        "category": "Bows",
        "bows": [
            {
                "name": "Short Bow",
                "range": 50,
                "regular_phy_dmg": 31,
                "regular15_phy_dmg": 77,
                "weight": 0.5,
                "durability": 100,
                "enchantable": false,
                "requirements": {
                    "str": 7,
                    "dex": 12,
                    "int": 0,
                    "faith": 0
                }
            },
            {
                "name": "Longbow",
                "range": 50,
                "regular_phy_dmg": 36,
                "regular15_phy_dmg": 90,
                "weight": 1,
                "durability": 100,
                "enchantable": false,
                "requirements": {
                    "str": 9,
                    "dex": 14,
                    "int": 0,
                    "faith": 0
                }
            },
            {
                "name": "Composite Bow",
                "range": 38,
                "regular_phy_dmg": 55,
                "regular15_phy_dmg": 137,
                "weight": 1,
                "durability": 100,
                "enchantable": false,
                "requirements": {
                    "str": 11,
                    "dex": 12,
                    "int": 0,
                    "faith": 0
                }
            },
            {
                "name": "Black Bow of Pharis",
                "range": 65,
                "regular_phy_dmg": 34,
                "regular15_phy_dmg": 85,
                "weight": 1,
                "durability": 100,
                "enchantable": false,
                "requirements": {
                    "str": 9,
                    "dex": 18,
                    "int": 0,
                    "faith": 0
                }
            },
            {
                "name": "Darkmoon Bow",
                "range": 50,
                "regular_phy_dmg": 80,
                "regular_magic_dmg": 80,
                "regular5_phy_dmg": 127,
                "regular5_magic_dmg": 127,
                "weight": 1,
                "durability": 100,
                "enchantable": false,
                "requirements": {
                    "str": 7,
                    "dex": 16,
                    "int": 0,
                    "faith": 16
                }
            }
        ]
    },
    {
        "category": "Greatbows",
        "greatbows": [
            {
                "name": "Dragonslayer Greatbow",
                "range": 50,
                "regular_phy_dmg": 90,
                "regular5_phy_dmg": 135,
                "weight": 10,
                "durability": 100,
                "enchantable": false,
                "requirements": {
                    "str": 20,
                    "dex": 20,
                    "int": 0,
                    "faith": 0
                }
            },
            {
                "name": "Gough's Greatbow",
                "range": 55,
                "regular_phy_dmg": 85,
                "regular5_phy_dmg": 127,
                "weight": 13,
                "durability": 100,
                "enchantable": false,
                "requirements": {
                    "str": 27,
                    "dex": 20,
                    "int": 0,
                    "faith": 0
                }
            }
        ]
    },
    {
        "category": "Crossbows",
        "crossbows": [
            {
                "name": "Light Crossbow",
                "range": 50,
                "regular_phy_dmg": 50,
                "regular15_phy_dmg": 310,
                "weight": 3,
                "durability": 150,
                "enchantable": false,
                "requirements": {
                    "str": 10,
                    "dex": 8,
                    "int": 0,
                    "faith": 0
                }
            },
            {
                "name": "Heavy Crossbow",
                "range": 50,
                "regular_phy_dmg": 55,
                "regular15_phy_dmg": 341,
                "weight": 5,
                "durability": 150,
                "enchantable": false,
                "requirements": {
                    "str": 14,
                    "dex": 8,
                    "int": 0,
                    "faith": 0
                }
            },
            {
                "name": "Sniper Crossbow",
                "range": 70,
                "regular_phy_dmg": 52,
                "regular15_phy_dmg": 322,
                "weight": 8,
                "durability": 150,
                "enchantable": false,
                "requirements": {
                    "str": 20,
                    "dex": 16,
                    "int": 0,
                    "faith": 0
                }
            },
            {
                "name": "Avelyn",
                "range": 50,
                "regular_phy_dmg": 37,
                "regular15_phy_dmg": 229,
                "weight": 6,
                "durability": 150,
                "enchantable": false,
                "requirements": {
                    "str": 16,
                    "dex": 14,
                    "int": 0,
                    "faith": 0
                }
            }
        ]
    },
    {
        "category": "Flames",
        "flames": [
            {
                "name": "Pyromancy Flame",
                "regular_magic_adj": 105,
                "regular15_magic_adj": 190,
                "weight": 0,
                "durability": 30,
                "attack_type": "Strike",
                "enchantable": false,
                "requirements": {
                    "str": 4,
                    "dex": 0,
                    "int": 0,
                    "faith": 0
                }
            }
        ]
    },
    {
        "category": "Catalysts",
        "catalysts": [
            {
                "name": "Sorcerer's Catalyst",
                "regular_phy_dmg": 40,
                "regular_magic_adj": 240,
                "weight": 2,
                "durability": 90,
                "attack_type": "Strike",
                "enchantable": false,
                "requirements": {
                    "str": 6,
                    "dex": 0,
                    "int": 10,
                    "faith": 0
                }
            },
            {
                "name": "Izalith Catalyst",
                "regular_phy_dmg": 40,
                "regular_magic_adj": 240,
                "weight": 2,
                "durability": 300,
                "attack_type": "Strike",
                "enchantable": false,
                "requirements": {
                    "str": 6,
                    "dex": 0,
                    "int": 14,
                    "faith": 0
                }
            },
            {
                "name": "Logan's Catalyst",
                "regular_phy_dmg": 46,
                "regular_magic_adj": 250,
                "weight": 2,
                "durability": 90,
                "attack_type": "Strike",
                "enchantable": false,
                "requirements": {
                    "str": 6,
                    "dex": 0,
                    "int": 24,
                    "faith": 0
                }
            },
            {
                "name": "Beatrice's Catalyst",
                "regular_phy_dmg": 40,
                "regular_magic_adj": 240,
                "weight": 2,
                "durability": 90,
                "attack_type": "Strike",
                "enchantable": false,
                "requirements": {
                    "str": 6,
                    "dex": 0,
                    "int": 10,
                    "faith": 0
                }
            },
            {
                "name": "Demon's Catalyst",
                "regular_phy_dmg": 110,
                "regular_magic_adj": 200,
                "weight": 4,
                "durability": 300,
                "attack_type": "Thrust",
                "enchantable": false,
                "requirements": {
                    "str": 12,
                    "dex": 10,
                    "int": 10,
                    "faith": 0
                }
            },
            {
                "name": "Tin Banishment Catalyst",
                "regular_phy_dmg": 145,
                "regular_magic_adj": 136,
                "weight": 3,
                "durability": 160,
                "attack_type": "Thrust",
                "enchantable": false,
                "requirements": {
                    "str": 10,
                    "dex": 10,
                    "int": 12,
                    "faith": 0
                }
            },
            {
                "name": "Tin Crystallization Catalyst",
                "regular_phy_dmg": 240,
                "regular_magic_adj": 315,
                "weight": 2.5,
                "durability": 90,
                "attack_type": "Thrust",
                "enchantable": false,
                "requirements": {
                    "str": 7,
                    "dex": 0,
                    "int": 32,
                    "faith": 0
                }
            },
            {
                "name": "Tin Darkmoon Catalyst",
                "regular_phy_dmg": 44,
                "regular_magic_adj": 230,
                "weight": 1,
                "durability": 60,
                "attack_type": "Strike",
                "enchantable": false,
                "requirements": {
                    "str": 4,
                    "dex": 0,
                    "int": 0,
                    "faith": 16
                }
            },
            {
                "name": "Oolacile Catalyst",
                "regular_phy_dmg": 40,
                "regular_magic_adj": 180,
                "weight": 2,
                "durability": 55,
                "attack_type": "Strike",
                "enchantable": false,
                "requirements": {
                    "str": 6,
                    "dex": 0,
                    "int": 10,
                    "faith": 0
                }
            },
            {
                "name": "Manus Catalyst",
                "regular_phy_dmg": 190,
                "regular_magic_adj": 295,
                "weight": 5,
                "durability": 200,
                "attack_type": "Strike",
                "enchantable": false,
                "requirements": {
                    "str": 14,
                    "dex": 0,
                    "int": 13,
                    "faith": 0
                }
            }
        ]
    },
    {   "category": "Talismans",
        "talismans": [
            {
                "name": "Talisman",
                "regular_phy_dmg": 14,
                "regular_magic_adj": 200,
                "weight": 0.3,
                "durability": 50,
                "attack_type": "Strike",
                "enchantable": false,
                "requirements": {
                    "str": 4,
                    "dex": 0,
                    "int": 0,
                    "faith": 10
                }
            },
            {
                "name": "Canvas Talisman",
                "regular_phy_dmg": 14,
                "regular_magic_adj": 220,
                "weight": 0.3,
                "durability": 50,
                "attack_type": "Strike",
                "enchantable": false,
                "requirements": {
                    "str": 4,
                    "dex": 0,
                    "int": 0,
                    "faith": 14
                }
            },
            {
                "name": "Thorolund Talisman",
                "regular_phy_dmg": 14,
                "regular_magic_adj": 165,
                "weight": 0.3,
                "durability": 50,
                "attack_type": "Strike",
                "enchantable": false,
                "requirements": {
                    "str": 4,
                    "dex": 0,
                    "int": 0,
                    "faith": 10
                }
            },
            {
                "name": "Ivory Talisman",
                "regular_phy_dmg": 14,
                "regular_magic_adj": 234,
                "weight": 0.3,
                "durability": 50,
                "attack_type": "Strike",
                "enchantable": false,
                "requirements": {
                    "str": 4,
                    "dex": 0,
                    "int": 0,
                    "faith": 16
                }
            },
            {
                "name": "Sunlight Talisman",
                "regular_phy_dmg": 14,
                "regular_magic_adj": 234,
                "weight": 0.3,
                "durability": 50,
                "attack_type": "Strike",
                "enchantable": false,
                "requirements": {
                    "str": 4,
                    "dex": 0,
                    "int": 0,
                    "faith": 14
                }
            },
            {
                "name": "Velka's Talisman",
                "regular_phy_dmg": 14,
                "regular_magic_adj": 220,
                "weight": 0.3,
                "durability": 50,
                "attack_type": "Strike",
                "enchantable": false,
                "requirements": {
                    "str": 4,
                    "dex": 0,
                    "int": 0,
                    "faith": 16
                }
            },
            {
                "name": "Darkmoon Talisman",
                "regular_phy_dmg": 14,
                "regular_magic_adj": 240,
                "weight": 0.3,
                "durability": 50,
                "attack_type": "Strike",
                "enchantable": false,
                "requirements": {
                    "str": 4,
                    "dex": 0,
                    "int": 0,
                    "faith": 24
                }
            }
        ]
    }
]   